{
  "model_id": "audio_ensemble_experiments_20250707_audio_only_ensemble_pipeline_ce3c4568",
  "model_type": "Enhanced_Ensemble_Musical",
  "ensemble_models": [
    "RandomForest",
    "XGBoost"
  ],
  "strategy": "audio_only",
  "pipeline_id": "pipeline_ce3c4568",
  "experiment_name": "audio_ensemble_experiments_20250707",
  "accuracy": 0.99,
  "n_features": 28,
  "selected_features": [
    "audio_tempo",
    "audio_energy",
    "audio_valence",
    "audio_danceability",
    "audio_loudness",
    "audio_speechiness",
    "audio_acousticness",
    "audio_instrumentalness",
    "audio_liveness",
    "audio_key",
    "audio_mode",
    "audio_brightness",
    "audio_complexity",
    "audio_warmth",
    "audio_harmonic_strength",
    "audio_mood_happy",
    "audio_mood_sad",
    "audio_mood_aggressive",
    "audio_mood_relaxed",
    "audio_mood_party",
    "audio_mood_electronic",
    "audio_primary_genre",
    "audio_top_genre_1_prob",
    "audio_top_genre_2_prob",
    "rhythmic_appeal_index",
    "emotional_impact_score",
    "commercial_viability_index",
    "sonic_sophistication_score"
  ],
  "feature_importance": {
    "audio_tempo": 0.056193853832378134,
    "audio_energy": 0.05368453542157702,
    "audio_valence": 0.06135589529142469,
    "audio_danceability": 0.04732048321259317,
    "audio_loudness": 0.0412878196021439,
    "audio_speechiness": 0.02822575152841568,
    "audio_acousticness": 0.02886236873013982,
    "audio_instrumentalness": 0.02560074938335504,
    "audio_liveness": 0.037397624449554454,
    "audio_key": 0.029144812603289463,
    "audio_mode": 0.027289513237742983,
    "audio_brightness": 0.041147264766769304,
    "audio_complexity": 0.03721026814479716,
    "audio_warmth": 0.046023675240532386,
    "audio_harmonic_strength": 0.03755073226943475,
    "audio_mood_happy": 0.009961584166376106,
    "audio_mood_sad": 0.019527120147946758,
    "audio_mood_aggressive": 0.014849911165959667,
    "audio_mood_relaxed": 0.021836108130347136,
    "audio_mood_party": 0.007617129982588539,
    "audio_mood_electronic": 0.016186061411133792,
    "audio_primary_genre": 0.025150869988637106,
    "audio_top_genre_1_prob": 0.038978607395523814,
    "audio_top_genre_2_prob": 0.037137279412055434,
    "rhythmic_appeal_index": 0.05444220224683713,
    "emotional_impact_score": 0.05094060150954703,
    "commercial_viability_index": 0.06376401143464812,
    "sonic_sophistication_score": 0.04131316529425158
  },
  "shap_feature_importance": {
    "ensemble": {
      "audio_tempo": 0.29094687356295884,
      "audio_energy": 0.029259437713670185,
      "audio_valence": 0.04096964991675096,
      "audio_danceability": 0.013561708532140733,
      "audio_loudness": 0.21796754249413014,
      "audio_speechiness": 0.02576822884557104,
      "audio_acousticness": 0.058676236642809514,
      "audio_instrumentalness": 0.034164050872362565,
      "audio_liveness": 0.09562942808713308,
      "audio_key": 0.01850694741903301,
      "audio_mode": 0.020427372707804023,
      "audio_brightness": 0.028902212452294452,
      "audio_complexity": 0.010731802292954243,
      "audio_warmth": 0.03418109414264902,
      "audio_harmonic_strength": 0.020815864527738204,
      "audio_mood_happy": 0.004405827850572366,
      "audio_mood_sad": 0.0719385561146774,
      "audio_mood_aggressive": 0.0126596919436712,
      "audio_mood_relaxed": 0.003351857025161739,
      "audio_mood_party": 0.010254367236254275,
      "audio_mood_electronic": 0.05065756120211682,
      "audio_primary_genre": 0.13983630395056085,
      "audio_top_genre_1_prob": 0.2910350283192514,
      "audio_top_genre_2_prob": 0.04225929342931095,
      "rhythmic_appeal_index": 0.017715752355995474,
      "emotional_impact_score": 0.11436970539730089,
      "commercial_viability_index": 0.13512239632174153,
      "sonic_sophistication_score": 0.019921560335569997
    },
    "random_forest": {
      "audio_tempo": 0.057965014849954824,
      "audio_energy": 0.015583240035940893,
      "audio_valence": 0.0023667800872608823,
      "audio_danceability": 0.002654496713222626,
      "audio_loudness": 0.040251670722746526,
      "audio_speechiness": 0.0077661455691735,
      "audio_acousticness": 0.010870892383728029,
      "audio_instrumentalness": 0.0037493008180199384,
      "audio_liveness": 0.0069430947632433656,
      "audio_key": 0.0030356976864527214,
      "audio_mode": 0.00028943889256213487,
      "audio_brightness": 0.01382074643377071,
      "audio_complexity": 0.005731355990707775,
      "audio_warmth": 0.0028542549022507802,
      "audio_harmonic_strength": 0.003924006961356287,
      "audio_mood_happy": 0.0009920806207419821,
      "audio_mood_sad": 0.002961269975256835,
      "audio_mood_aggressive": 0.0015591241921350965,
      "audio_mood_relaxed": 0.004135582405138155,
      "audio_mood_party": 0.0007871194034729857,
      "audio_mood_electronic": 0.0006938954350052985,
      "audio_primary_genre": 0.01813037005307828,
      "audio_top_genre_1_prob": 0.04190960361697664,
      "audio_top_genre_2_prob": 0.025690831742695586,
      "rhythmic_appeal_index": 0.005694887578510067,
      "emotional_impact_score": 0.0026691388584361197,
      "commercial_viability_index": 0.006140717152470811,
      "sonic_sophistication_score": 0.007106713203685078
    },
    "xgboost": {
      "audio_tempo": "0.52392876",
      "audio_energy": "0.07369111",
      "audio_valence": "0.081946224",
      "audio_danceability": "0.027095452",
      "audio_loudness": "0.39568347",
      "audio_speechiness": "0.044042975",
      "audio_acousticness": "0.1064816",
      "audio_instrumentalness": "0.07059515",
      "audio_liveness": "0.19820195",
      "audio_key": "0.03473754",
      "audio_mode": "0.040871788",
      "audio_brightness": "0.044179372",
      "audio_complexity": "0.025795579",
      "audio_warmth": "0.06998281",
      "audio_harmonic_strength": "0.039232504",
      "audio_mood_happy": "0.00885452",
      "audio_mood_sad": "0.14268494",
      "audio_mood_aggressive": "0.024569834",
      "audio_mood_relaxed": "0.006082946",
      "audio_mood_party": "0.020521639",
      "audio_mood_electronic": "0.10097857",
      "audio_primary_genre": "0.26154223",
      "audio_top_genre_1_prob": "0.5401605",
      "audio_top_genre_2_prob": "0.05905197",
      "rhythmic_appeal_index": "0.036151107",
      "emotional_impact_score": "0.22987348",
      "commercial_viability_index": "0.2652954",
      "sonic_sophistication_score": "0.04603181"
    },
    "categorical_analysis": {
      "audio_features": {
        "total_importance": 0,
        "percentage_contribution": 0,
        "feature_count": 0,
        "top_features": {}
      },
      "lyrics_features": {
        "total_importance": 0,
        "percentage_contribution": 0,
        "feature_count": 0,
        "top_features": {}
      }
    },
    "business_insights": {
      "dominant_modality": "lyrics",
      "dominance_strength": 0.0,
      "audio_contribution": 0,
      "lyrics_contribution": 0,
      "prediction_driver": "lyrics_driven_hits",
      "top_audio_predictors": [],
      "top_lyrics_predictors": [],
      "model_confidence_factors": {
        "feature_coverage": 28,
        "sample_reliability": 100,
        "ensemble_agreement": "high"
      }
    },
    "analysis_meta": {
      "sample_size": 100,
      "total_features": 28,
      "models_analyzed": [
        "RandomForest",
        "XGBoost"
      ],
      "combination_method": "average",
      "feature_categories": {
        "audio": 0,
        "lyrics": 0
      }
    }
  },
  "music_theory_analysis": {
    "core_musical_features": {
      "rhythmic_foundation": [
        "audio_tempo",
        "audio_danceability"
      ],
      "emotional_core": [
        "audio_valence",
        "audio_energy",
        "lyrics_sentiment_positive",
        "lyrics_sentiment_negative"
      ],