{
  "model_id": "audio_ensemble_experiments_20250630_audio_only_ensemble_pipeline_5797040d",
  "model_type": "Ensemble",
  "ensemble_models": [
    "RandomForest",
    "XGBoost"
  ],
  "strategy": "audio_only",
  "pipeline_id": "pipeline_5797040d",
  "experiment_name": "audio_ensemble_experiments_20250630",
  "accuracy": 0.525,
  "n_features": 24,
  "selected_features": [
    "audio_energy",
    "audio_valence",
    "audio_danceability",
    "audio_tempo",
    "audio_acousticness",
    "audio_instrumentalness",
    "audio_liveness",
    "audio_loudness",
    "audio_speechiness",
    "audio_brightness",
    "audio_complexity",
    "audio_warmth",
    "audio_key",
    "audio_mode",
    "audio_harmonic_strength",
    "audio_mood_happy",
    "audio_mood_sad",
    "audio_mood_aggressive",
    "audio_mood_relaxed",
    "audio_mood_party",
    "audio_mood_electronic",
    "audio_primary_genre",
    "audio_top_genre_1_prob",
    "audio_top_genre_2_prob"
  ],
  "feature_importance": {
    "random_forest": {
      "audio_energy": 0.03298601750113879,
      "audio_valence": 0.036789286919933724,
      "audio_danceability": 0.036029230959424695,
      "audio_tempo": 0.03509610224059478,
      "audio_acousticness": 0.0453501855730821,
      "audio_instrumentalness": 0.026934699831533706,
      "audio_liveness": 0.0367441794693886,
      "audio_loudness": 0.05506067084976091,
      "audio_speechiness": 0.05562457952229355,
      "audio_brightness": 0.05221238678705343,
      "audio_complexity": 0.04797974151351722,
      "audio_warmth": 0.036085315185513875,
      "audio_key": 0.026103317143324634,
      "audio_mode": 0.04066661315036263,
      "audio_harmonic_strength": 0.04671644666649704,
      "audio_mood_happy": 0.035506064279928,
      "audio_mood_sad": 0.07990891233788101,
      "audio_mood_aggressive": 0.04243588017514718,
      "audio_mood_relaxed": 0.03822493100355674,
      "audio_mood_party": 0.03490410358125407,
      "audio_mood_electronic": 0.05037366359318419,
      "audio_primary_genre": 0.04341132157361477,
      "audio_top_genre_1_prob": 0.031569032752288166,
      "audio_top_genre_2_prob": 0.03328731738972617
    },
    "xgboost": {
      "audio_energy": "0.038622193",
      "audio_valence": "0.03672595",
      "audio_danceability": "0.032144323",
      "audio_tempo": "0.027913822",
      "audio_acousticness": "0.046265423",
      "audio_instrumentalness": "0.036021687",
      "audio_liveness": "0.054559976",
      "audio_loudness": "0.04820609",
      "audio_speechiness": "0.04985867",
      "audio_brightness": "0.051088627",
      "audio_complexity": "0.04717996",
      "audio_warmth": "0.042016253",
      "audio_key": "0.024655012",
      "audio_mode": "0.041566767",
      "audio_harmonic_strength": "0.037927546",
      "audio_mood_happy": "0.039578725",
      "audio_mood_sad": "0.06684306",
      "audio_mood_aggressive": "0.04895988",
      "audio_mood_relaxed": "0.033095237",
      "audio_mood_party": "0.0448316",
      "audio_mood_electronic": "0.04190715",
      "audio_primary_genre": "0.033900335",
      "audio_top_genre_1_prob": "0.037960608",
      "audio_top_genre_2_prob": "0.03817108"
    },
    "ensemble": {
      "audio_energy": 0.03580410526980119,
      "audio_valence": 0.03675761820798226,
      "audio_danceability": 0.03408677697539793,
      "audio_tempo": 0.03150496205087133,
      "audio_acousticness": 0.04580780443548209,
      "audio_instrumentalness": 0.031478193460965295,
      "audio_liveness": 0.045652077665945826,
      "audio_loudness": 0.051633380888442465,
      "audio_speechiness": 0.05274162510200428,
      "audio_brightness": 0.051650507107434906,
      "audio_complexity": 0.047579850613964955,
      "audio_warmth": 0.03905078403042097,
      "audio_key": 0.025379164778592,
      "audio_mode": 0.04111668997442944,
      "audio_harmonic_strength": 0.04232199613679352,
      "audio_mood_happy": 0.03754239446622838,
      "audio_mood_sad": 0.07337598748855872,
      "audio_mood_aggressive": 0.04569788062121159,
      "audio_mood_relaxed": 0.03566008393561149,
      "audio_mood_party": 0.03986785181072572,
      "audio_mood_electronic": 0.046140406945770596,
      "audio_primary_genre": 0.038655828502356854,
      "audio_top_genre_1_prob": 0.03476482015538851,
      "audio_top_genre_2_prob": 0.03572919819974876
    }
  },
  "shap_feature_importance": {},
  "training_timestamp": "2025-06-30T22:17:36.424744",
  "mlflow_run_id": "33a29ec449f44ce3ac1e206493c657c8",
  "mlflow_experiment_id": "420657453551896593",
  "model_paths": {
    "ensemble_joblib": "/app/models/ml-training/audio_ensemble_experiments_20250630_audio_only_ensemble_pipeline_5797040d/ensemble_model.joblib",
    "ensemble_pkl": "/app/models/ml-training/audio_ensemble_experiments_20250630_audio_only_ensemble_pipeline_5797040d/ensemble_model.pkl",
    "random_forest": "/app/models/ml-training/audio_ensemble_experiments_20250630_audio_only_ensemble_pipeline_5797040d/random_forest_model.joblib",
    "xgboost": "/app/models/ml-training/audio_ensemble_experiments_20250630_audio_only_ensemble_pipeline_5797040d/xgboost_model.joblib"
  }
}