{
  "model_id": "multimodal_ensemble_experiments_20250706_multimodal_ensemble_pipeline_19d34201",
  "model_type": "Enhanced_Ensemble_Musical",
  "ensemble_models": [
    "RandomForest",
    "XGBoost"
  ],
  "strategy": "multimodal",
  "pipeline_id": "pipeline_19d34201",
  "experiment_name": "multimodal_ensemble_experiments_20250706",
  "accuracy": 0.9940476190476191,
  "n_features": 28,
  "selected_features": [
    "audio_tempo",
    "audio_energy",
    "audio_valence",
    "audio_danceability",
    "audio_loudness",
    "audio_speechiness",
    "audio_acousticness",
    "audio_instrumentalness",
    "audio_liveness",
    "audio_key",
    "audio_mode",
    "audio_brightness",
    "audio_complexity",
    "audio_warmth",
    "audio_harmonic_strength",
    "audio_mood_happy",
    "audio_mood_sad",
    "audio_mood_aggressive",
    "audio_mood_relaxed",
    "audio_mood_party",
    "audio_mood_electronic",
    "audio_primary_genre",
    "audio_top_genre_1_prob",
    "audio_top_genre_2_prob",
    "rhythmic_appeal_index",
    "emotional_impact_score",
    "commercial_viability_index",
    "sonic_sophistication_score"
  ],
  "feature_importance": {
    "audio_tempo": 0.05470853578633044,
    "audio_energy": 0.04643744479362846,
    "audio_valence": 0.0523675790918706,
    "audio_danceability": 0.03871264054110557,
    "audio_loudness": 0.04060680150687794,
    "audio_speechiness": 0.026703698225848022,
    "audio_acousticness": 0.023923743305811925,
    "audio_instrumentalness": 0.022804568323901576,
    "audio_liveness": 0.040504826817291915,
    "audio_key": 0.025531441424030115,
    "audio_mode": 0.010722212818665514,
    "audio_brightness": 0.038727221094514944,
    "audio_complexity": 0.038560040517758715,
    "audio_warmth": 0.03827939123293299,
    "audio_harmonic_strength": 0.04253625930390189,
    "audio_mood_happy": 0.0153888978793424,
    "audio_mood_sad": 0.024266793551659043,
    "audio_mood_aggressive": 0.020178288244932483,
    "audio_mood_relaxed": 0.02087117037668329,
    "audio_mood_party": 0.03714016004173751,
    "audio_mood_electronic": 0.017140341747735263,
    "audio_primary_genre": 0.04695314827216182,
    "audio_top_genre_1_prob": 0.03089961615948179,
    "audio_top_genre_2_prob": 0.035820271093441006,
    "rhythmic_appeal_index": 0.05910858425597173,
    "emotional_impact_score": 0.05510161333845606,
    "commercial_viability_index": 0.055957345891719086,
    "sonic_sophistication_score": 0.040047364362207724
  },
  "shap_feature_importance": {
    "ensemble": {
      "audio_tempo": 0.013925321297674695,
      "audio_energy": 0.011390694561716892,
      "audio_valence": 0.04283039905835753,
      "audio_danceability": 0.018736054222482913,
      "audio_loudness": 0.22689454283017976,
      "audio_speechiness": 0.040542563228718714,
      "audio_acousticness": 0.06813124569467979,
      "audio_instrumentalness": 0.0334087223955888,
      "audio_liveness": 0.05252825770667326,
      "audio_key": 0.042348615951326746,
      "audio_mode": 0.0022202786057131186,
      "audio_brightness": 0.002441102704328104,
      "audio_complexity": 0.1178794409871125,
      "audio_warmth": 0.02226311004197741,
      "audio_harmonic_strength": 0.022740672486742924,
      "audio_mood_happy": 0.005128545094689463,
      "audio_mood_sad": 0.09825371755016558,
      "audio_mood_aggressive": 0.010117571689295151,
      "audio_mood_relaxed": 0.008247528459522417,
      "audio_mood_party": 0.018520419959147133,
      "audio_mood_electronic": 0.08339716620444841,
      "audio_primary_genre": 0.8043299217876416,
      "audio_top_genre_1_prob": 0.11647805138422905,
      "audio_top_genre_2_prob": 0.05813762723433033,
      "rhythmic_appeal_index": 0.24086347357928362,
      "emotional_impact_score": 0.01819468797572082,
      "commercial_viability_index": 0.06656456730890069,
      "sonic_sophistication_score": 0.03442045956728878
    },
    "random_forest": {
      "audio_tempo": 0.01738878119406923,
      "audio_energy": 0.006477090308117125,
      "audio_valence": 0.004262261054077735,
      "audio_danceability": 0.0020511459093239515,
      "audio_loudness": 0.03325003615417193,
      "audio_speechiness": 0.002113624143553521,
      "audio_acousticness": 0.007000616855733773,
      "audio_instrumentalness": 0.0021574356296488284,
      "audio_liveness": 0.003331190556263192,
      "audio_key": 0.004559047571029113,
      "audio_mode": 0.002711924138209466,
      "audio_brightness": 0.011369419821594397,
      "audio_complexity": 0.009086694824700325,
      "audio_warmth": 0.01320463002330462,
      "audio_harmonic_strength": 0.0026326545077134727,
      "audio_mood_happy": 0.0015903941255976026,
      "audio_mood_sad": 0.0022907300433203403,
      "audio_mood_aggressive": 0.0016657165615663926,
      "audio_mood_relaxed": 0.0031256897934933718,
      "audio_mood_party": 0.006582752641095399,
      "audio_mood_electronic": 0.0014900527329007563,
      "audio_primary_genre": 0.13442936814956322,
      "audio_top_genre_1_prob": 0.022287363688028954,
      "audio_top_genre_2_prob": 0.008275732713978561,
      "rhythmic_appeal_index": 0.014715586069105382,
      "emotional_impact_score": 0.003973714647219269,
      "commercial_viability_index": 0.010903695583826844,
      "sonic_sophistication_score": 0.010353451406022385
    },
    "xgboost": {
      "audio_tempo": "0.041054334",
      "audio_energy": "0.017018216",
      "audio_valence": "0.0817393",
      "audio_danceability": "0.039506085",
      "audio_loudness": "0.42053905",
      "audio_speechiness": "0.07899539",
      "audio_acousticness": "0.12939778",
      "audio_instrumentalness": "0.06857724",
      "audio_liveness": "0.10172888",
      "audio_key": "0.08709513",
      "audio_mode": "0.0022383663",
      "audio_brightness": "0.010148842",
      "audio_complexity": "0.22667216",
      "audio_warmth": "0.03263467",
      "audio_harmonic_strength": "0.046303824",
      "audio_mood_happy": "0.009961184",
      "audio_mood_sad": "0.19485795",
      "audio_mood_aggressive": "0.019476127",
      "audio_mood_relaxed": "0.015696993",
      "audio_mood_party": "0.03665185",
      "audio_mood_electronic": "0.16617693",
      "audio_primary_genre": "1.4742306",
      "audio_top_genre_1_prob": "0.21066868",
      "audio_top_genre_2_prob": "0.10799952",
      "rhythmic_appeal_index": "0.46765804",
      "emotional_impact_score": "0.039746508",
      "commercial_viability_index": "0.12381524",
      "sonic_sophistication_score": "0.058487467"
    },
    "categorical_analysis": {
      "audio_features": {
        "total_importance": 0,
        "percentage_contribution": 0,
        "feature_count": 0,
        "top_features": {}
      },
      "lyrics_features": {
        "total_importance": 0,
        "percentage_contribution": 0,
        "feature_count": 0,
        "top_features": {}
      }
    },
    "business_insights": {
      "dominant_modality": "lyrics",
      "dominance_strength": 0.0,
      "audio_contribution": 0,
      "lyrics_contribution": 0,
      "prediction_driver": "lyrics_driven_hits",
      "top_audio_predictors": [],
      "top_lyrics_predictors": [],
      "model_confidence_factors": {
        "feature_coverage": 52,
        "sample_reliability": 100,
        "ensemble_agreement": "high"
      }
    },
    "analysis_meta": {
      "sample_size": 100,
      "total_features": 52,
      "models_analyzed": [
        "RandomForest",
        "XGBoost"
      ],
      "combination_method": "average",
      "feature_categories": {
        "audio": 0,
        "lyrics": 0
      }
    }
  },
  "music_theory_analysis": {
    "core_musical_features": {
      "rhythmic_foundation": [
        "audio_tempo",
        "audio_danceability"
      ],
      "emotional_core": [
        "audio_valence",
        "audio_energy",
        "lyrics_sentiment_positive",
        "lyrics_sentiment_negative"
      ],