{
  "model_type": "multimodal_ensemble",
  "training_id": "audio_only_training_experiment_20250627_063346",
  "timestamp": "2025-06-27T06:35:11.439428",
  "features_used": [
    "lyrics_sentiment_polarity",
    "lyrics_sentiment_subjectivity",
    "lyrics_avg_sentence_length",
    "lyrics_avg_word_length",
    "lyrics_lexical_diversity",
    "lyrics_word_count",
    "lyrics_unique_words",
    "lyrics_vocabulary_density",
    "lyrics_sentence_count",
    "lyrics_readability",
    "lyrics_theme_diversity",
    "lyrics_motif_count",
    "lyrics_verse_count",
    "lyrics_repetition_score",
    "lyrics_emotional_range",
    "lyrics_emotional_mean"
  ],
  "training_samples": 36,
  "r2_score": -0.7672979569949612,
  "mse": 658.9184975462695,
  "feature_importance": {
    "random_forest": {
      "lyrics_sentiment_polarity": 0.024586519546242053,
      "lyrics_sentiment_subjectivity": 0.4872325835476486,
      "lyrics_avg_sentence_length": 0.04983844172587788,
      "lyrics_avg_word_length": 0.06133639010462743,
      "lyrics_lexical_diversity": 0.041379839516649176,
      "lyrics_word_count": 0.0826650154604857,
      "lyrics_unique_words": 0.05153317484994565,
      "lyrics_vocabulary_density": 0.08036078684145075,
      "lyrics_sentence_count": 0.022979572551239297,
      "lyrics_readability": 0.0637888907333024,
      "lyrics_theme_diversity": 0.00016818500350387116,
      "lyrics_motif_count": 0.0015105832805066353,
      "lyrics_verse_count": 0.0,
      "lyrics_repetition_score": 0.0,
      "lyrics_emotional_range": 0.0,
      "lyrics_emotional_mean": 0.03262001683852058
    },
    "xgboost": {
      "lyrics_sentiment_polarity": 0.007007884792983532,
      "lyrics_sentiment_subjectivity": 0.3334015905857086,
      "lyrics_avg_sentence_length": 0.020252933725714684,
      "lyrics_avg_word_length": 0.09401830285787582,
      "lyrics_lexical_diversity": 0.10469228774309158,
      "lyrics_word_count": 0.38183119893074036,
      "lyrics_unique_words": 0.002504881238564849,
      "lyrics_vocabulary_density": 0.05592462792992592,
      "lyrics_sentence_count": 5.2842402453734394e-08,
      "lyrics_readability": 0.0003662579692900181,
      "lyrics_theme_diversity": 0.0,
      "lyrics_motif_count": 0.0,
      "lyrics_verse_count": 0.0,
      "lyrics_repetition_score": 0.0,
      "lyrics_emotional_range": 0.0,
      "lyrics_emotional_mean": 0.0
    }
  },
  "model_path": "/app/models/ml-training/multimodal_ensemble_audio_only_training_experiment_20250627_063346/model.joblib",
  "feature_order": [
    "lyrics_sentiment_polarity",
    "lyrics_sentiment_subjectivity",
    "lyrics_avg_sentence_length",
    "lyrics_avg_word_length",
    "lyrics_lexical_diversity",
    "lyrics_word_count",
    "lyrics_unique_words",
    "lyrics_vocabulary_density",
    "lyrics_sentence_count",
    "lyrics_readability",
    "lyrics_theme_diversity",
    "lyrics_motif_count",
    "lyrics_verse_count",
    "lyrics_repetition_score",
    "lyrics_emotional_range",
    "lyrics_emotional_mean"
  ]
}