{
  "model_id": "multimodal_ensemble_experiments_20250709_multimodal_ensemble_pipeline_49f90c39",
  "model_type": "Ensemble",
  "task_type": "regression",
  "ensemble_models": [
    "RandomForestRegressor",
    "XGBRegressor"
  ],
  "strategy": "multimodal",
  "pipeline_id": "pipeline_49f90c39",
  "experiment_name": "multimodal_ensemble_experiments_20250709",
  "mse": 0.004484207253636695,
  "rmse": 0.06696422368426812,
  "mae": 0.05587994584914234,
  "r2_score": 0.9473847559177612,
  "mape": 73782876.53540725,
  "n_features": 33,
  "selected_features": [
    "audio_tempo",
    "audio_energy",
    "audio_valence",
    "audio_danceability",
    "audio_loudness",
    "audio_speechiness",
    "audio_acousticness",
    "audio_instrumentalness",
    "audio_liveness",
    "audio_key",
    "audio_mode",
    "audio_brightness",
    "audio_complexity",
    "audio_warmth",
    "audio_harmonic_strength",
    "audio_mood_happy",
    "audio_mood_sad",
    "audio_mood_aggressive",
    "audio_mood_relaxed",
    "audio_mood_party",
    "audio_mood_electronic",
    "audio_primary_genre",
    "audio_top_genre_1_prob",
    "audio_top_genre_2_prob",
    "lyrics_word_count",
    "lyrics_unique_words",
    "lyrics_repetition_score",
    "lyrics_lexical_diversity",
    "lyrics_verse_count",
    "rhythmic_appeal_index",
    "emotional_impact_score",
    "commercial_viability_index",
    "sonic_sophistication_score"
  ],
  "feature_importance": {
    "audio_tempo": 0.0443368587954843,
    "audio_energy": 0.046120677319124954,
    "audio_valence": 0.04394048351550168,
    "audio_danceability": 0.05261727151025628,
    "audio_loudness": 0.047428064236037286,
    "audio_speechiness": 0.015494259069359782,
    "audio_acousticness": 0.02801115883321384,
    "audio_instrumentalness": 0.040891454535390656,
    "audio_liveness": 0.018082406597267512,
    "audio_key": 0.019284703354824594,
    "audio_mode": 0.0052730969029760166,
    "audio_brightness": 0.035567495888191115,
    "audio_complexity": 0.035520839212921415,
    "audio_warmth": 0.03655286262449387,
    "audio_harmonic_strength": 0.019246986016742657,
    "audio_mood_happy": 0.01927404734508067,
    "audio_mood_sad": 0.009170728925362765,
    "audio_mood_aggressive": 0.007931569989837281,
    "audio_mood_relaxed": 0.013429093607978627,
    "audio_mood_party": 0.005584330281626552,
    "audio_mood_electronic": 0.013995115486484931,
    "audio_primary_genre": 0.013540595365139626,
    "audio_top_genre_1_prob": 0.019193448535024405,
    "audio_top_genre_2_prob": 0.016125045615797258,
    "lyrics_word_count": 0.05740676731210052,
    "lyrics_unique_words": 0.032908729742783076,
    "lyrics_repetition_score": 0.0,
    "lyrics_lexical_diversity": 0.036770540982656974,
    "lyrics_verse_count": 3.558248568446596e-05,
    "rhythmic_appeal_index": 0.07280244219067497,
    "emotional_impact_score": 0.07486316305408564,
    "commercial_viability_index": 0.07248819636850581,
    "sonic_sophistication_score": 0.0461119842993904
  },
  "shap_feature_importance": {
    "ensemble": {
      "audio_tempo": 0.02716074720261429,
      "audio_energy": 0.006778474114461985,
      "audio_valence": 0.0026972631925467174,
      "audio_danceability": 0.002841501867606622,
      "audio_loudness": 0.011588756502035362,
      "audio_speechiness": 0.003473581257911318,
      "audio_acousticness": 0.008596071780429752,
      "audio_instrumentalness": 0.003928299434478508,
      "audio_liveness": 0.003443249857383325,
      "audio_key": 0.009616958886789413,
      "audio_mode": 0.00017653124758112128,
      "audio_brightness": 0.00218336640980031,
      "audio_complexity": 0.005864740721534961,
      "audio_warmth": 0.001248834025840878,
      "audio_harmonic_strength": 0.004724669751874394,
      "audio_mood_happy": 0.00027424377316234624,
      "audio_mood_sad": 0.00037254172016701906,
      "audio_mood_aggressive": 0.001566695252781239,
      "audio_mood_relaxed": 0.0010102308385816225,
      "audio_mood_party": 0.0003837132625117238,
      "audio_mood_electronic": 0.005800543752668239,
      "audio_primary_genre": 0.0016504842384309087,
      "audio_top_genre_1_prob": 0.01083127318843447,
      "audio_top_genre_2_prob": 0.0026799529592839875,
      "lyrics_word_count": 0.18774107875471693,
      "lyrics_unique_words": 0.0365836636896987,
      "lyrics_repetition_score": 0.0,
      "lyrics_lexical_diversity": 0.0008678477003034189,
      "lyrics_verse_count": 4.774726665598132e-05,
      "rhythmic_appeal_index": 0.0023555302447308586,
      "emotional_impact_score": 0.00785631388951415,
      "commercial_viability_index": 0.011812120773810919,
      "sonic_sophistication_score": 0.0024537400522648203
    },
    "random_forest": {
      "audio_tempo": 0.012987940730597778,
      "audio_energy": 0.00270454139426168,
      "audio_valence": 0.004181868373868419,
      "audio_danceability": 0.004047829403026664,
      "audio_loudness": 0.017839298637141118,
      "audio_speechiness": 0.0010413636201661402,
      "audio_acousticness": 0.004935074184795035,
      "audio_instrumentalness": 0.004651390025077948,
      "audio_liveness": 0.007133397485126956,
      "audio_key": 0.009082585986748694,
      "audio_mode": 0.00033698929564160164,
      "audio_brightness": 0.0051240980748769715,
      "audio_complexity": 0.005667281637905216,
      "audio_warmth": 0.0007194490375494154,
      "audio_harmonic_strength": 0.009202526360800121,
      "audio_mood_happy": 0.0004021365374378413,
      "audio_mood_sad": 7.47027902212391e-05,
      "audio_mood_aggressive": 0.00015911588070016206,
      "audio_mood_relaxed": 0.0011173847066934053,
      "audio_mood_party": 0.0008668747563269881,
      "audio_mood_electronic": 0.0029309592669967406,
      "audio_primary_genre": 0.0077396220213053965,
      "audio_top_genre_1_prob": 0.011979235065340859,
      "audio_top_genre_2_prob": 0.0026304387626231622,
      "lyrics_word_count": 0.10648454153317469,
      "lyrics_unique_words": 0.027048787006697887,
      "lyrics_repetition_score": 0.0,
      "lyrics_lexical_diversity": 0.0011223620553995873,
      "lyrics_verse_count": 9.549453331196264e-05,
      "rhythmic_appeal_index": 0.002891662476622481,
      "emotional_impact_score": 0.005088271293406091,
      "commercial_viability_index": 0.010743507186472491,
      "sonic_sophistication_score": 0.0006965564035423971
    },
    "xgboost": {
      "audio_tempo": "0.041333556",
      "audio_energy": "0.010927073",
      "audio_valence": "0.0024229807",
      "audio_danceability": "0.0016696263",
      "audio_loudness": "0.0069158073",
      "audio_speechiness": "0.0060765855",
      "audio_acousticness": "0.012274888",
      "audio_instrumentalness": "0.003531626",
      "audio_liveness": "0.0019854095",
      "audio_key": "0.011219952",
      "audio_mode": "0.0003064159",
      "audio_brightness": "0.0033949213",
      "audio_complexity": "0.0061579007",
      "audio_warmth": "0.0028619978",
      "audio_harmonic_strength": "0.0041428865",
      "audio_mood_happy": "0.0007442641",
      "audio_mood_sad": "0.0006861758",
      "audio_mood_aggressive": "0.0031743823",
      "audio_mood_relaxed": "0.0022116245",
      "audio_mood_party": "0.00011247523",
      "audio_mood_electronic": "0.010486512",
      "audio_primary_genre": "0.010476716",
      "audio_top_genre_1_prob": "0.00968331",
      "audio_top_genre_2_prob": "0.0032548972",
      "lyrics_word_count": "0.26899764",
      "lyrics_unique_words": "0.046118543",
      "lyrics_repetition_score": "0.0",
      "lyrics_lexical_diversity": "0.001698809",
      "lyrics_verse_count": "0.0",
      "rhythmic_appeal_index": "0.003246784",
      "emotional_impact_score": "0.010751152",
      "commercial_viability_index": "0.014289665",
      "sonic_sophistication_score": "0.00454742"
    },
    "categorical_analysis": {
      "audio_features": {
        "total_importance": 0,
        "percentage_contribution": 0.0,
        "feature_count": 0,
        "top_features": {}
      },