{
  "model_id": "multimodal_ensemble_experiments_20250709_multimodal_ensemble_pipeline_83ac1f76",
  "model_type": "Ensemble",
  "task_type": "regression",
  "ensemble_models": [
    "RandomForestRegressor",
    "XGBRegressor"
  ],
  "strategy": "multimodal",
  "pipeline_id": "pipeline_83ac1f76",
  "experiment_name": "multimodal_ensemble_experiments_20250709",
  "mse": 0.0045400626895485885,
  "rmse": 0.06737998730742377,
  "mae": 0.05602962974289395,
  "r2_score": 0.9465922154597162,
  "mape": 77325369.40632945,
  "n_features": 33,
  "selected_features": [
    "audio_tempo",
    "audio_energy",
    "audio_valence",
    "audio_danceability",
    "audio_loudness",
    "audio_speechiness",
    "audio_acousticness",
    "audio_instrumentalness",
    "audio_liveness",
    "audio_key",
    "audio_mode",
    "audio_brightness",
    "audio_complexity",
    "audio_warmth",
    "audio_harmonic_strength",
    "audio_mood_happy",
    "audio_mood_sad",
    "audio_mood_aggressive",
    "audio_mood_relaxed",
    "audio_mood_party",
    "audio_mood_electronic",
    "audio_primary_genre",
    "audio_top_genre_1_prob",
    "audio_top_genre_2_prob",
    "lyrics_word_count",
    "lyrics_unique_words",
    "lyrics_repetition_score",
    "lyrics_lexical_diversity",
    "lyrics_verse_count",
    "rhythmic_appeal_index",
    "emotional_impact_score",
    "commercial_viability_index",
    "sonic_sophistication_score"
  ],
  "feature_importance": {
    "audio_tempo": 0.034714125183790835,
    "audio_energy": 0.038361429338632895,
    "audio_valence": 0.03925722714947071,
    "audio_danceability": 0.03430403607790816,
    "audio_loudness": 0.04641907816003187,
    "audio_speechiness": 0.028344150113045575,
    "audio_acousticness": 0.01889150812899108,
    "audio_instrumentalness": 0.024447248213191674,
    "audio_liveness": 0.03172121328049937,
    "audio_key": 0.026243012677507883,
    "audio_mode": 0.029994482842929066,
    "audio_brightness": 0.027747255472916708,
    "audio_complexity": 0.04034082666144312,
    "audio_warmth": 0.037485196626029275,
    "audio_harmonic_strength": 0.04298082092088174,
    "audio_mood_happy": 0.0049125797275084504,
    "audio_mood_sad": 0.019065781976966425,
    "audio_mood_aggressive": 0.01266423402291515,
    "audio_mood_relaxed": 0.009654510339702665,
    "audio_mood_party": 0.028638635031563803,
    "audio_mood_electronic": 0.011003455298916739,
    "audio_primary_genre": 0.03781807743097666,
    "audio_top_genre_1_prob": 0.0313989073993745,
    "audio_top_genre_2_prob": 0.027953908784924604,
    "lyrics_word_count": 0.0505531983000947,
    "lyrics_unique_words": 0.03151158947740226,
    "lyrics_repetition_score": 0.0,
    "lyrics_lexical_diversity": 0.031840667083075445,
    "lyrics_verse_count": 7.901049517149178e-06,
    "rhythmic_appeal_index": 0.03003388469804459,
    "emotional_impact_score": 0.050589665887877076,
    "commercial_viability_index": 0.07879218710561635,
    "sonic_sophistication_score": 0.04230920553825371
  },
  "shap_feature_importance": {
    "ensemble": {
      "audio_tempo": 0.0242356755338416,
      "audio_energy": 0.005188492244131429,
      "audio_valence": 0.0030023520736401407,
      "audio_danceability": 0.0012920744660358926,
      "audio_loudness": 0.021702965022911243,
      "audio_speechiness": 0.004673909412734589,
      "audio_acousticness": 0.008538209422016683,
      "audio_instrumentalness": 0.002628798536351658,
      "audio_liveness": 0.007799650458515805,
      "audio_key": 0.002743980395423152,
      "audio_mode": 0.0011595907346388912,
      "audio_brightness": 0.0012473225012345915,
      "audio_complexity": 0.0029862326548613627,
      "audio_warmth": 0.0034519394044289827,
      "audio_harmonic_strength": 0.006459122720575955,
      "audio_mood_happy": 0.00012022432712952974,
      "audio_mood_sad": 0.001269663583979177,
      "audio_mood_aggressive": 0.001681170303755991,
      "audio_mood_relaxed": 0.0048431724096580815,
      "audio_mood_party": 0.0007017346445442809,
      "audio_mood_electronic": 0.0018257189175397053,
      "audio_primary_genre": 0.05212204539565162,
      "audio_top_genre_1_prob": 0.008164790931815902,
      "audio_top_genre_2_prob": 0.0030274357327967037,
      "lyrics_word_count": 0.10009167113005164,
      "lyrics_unique_words": 0.03060877161182658,
      "lyrics_repetition_score": 0.0,
      "lyrics_lexical_diversity": 0.002457867093440193,
      "lyrics_verse_count": 1.2222816994398078e-06,
      "rhythmic_appeal_index": 0.0020244293535886166,
      "emotional_impact_score": 0.011060649858375168,
      "commercial_viability_index": 0.012416165428577429,
      "sonic_sophistication_score": 0.0012120848540326586
    },
    "random_forest": {
      "audio_tempo": 0.003719168345953905,
      "audio_energy": 0.008090770182609562,
      "audio_valence": 0.002985867023876353,
      "audio_danceability": 0.0027753838934282005,
      "audio_loudness": 0.020575803832446993,
      "audio_speechiness": 0.003056755988933899,
      "audio_acousticness": 0.0012909102729340275,
      "audio_instrumentalness": 0.0013980766113466233,
      "audio_liveness": 0.006859206526696827,
      "audio_key": 0.008021789864514389,
      "audio_mode": 0.00012832262212066398,
      "audio_brightness": 0.0007083827329758768,
      "audio_complexity": 0.0021118454594628334,
      "audio_warmth": 0.0007850780453997013,
      "audio_harmonic_strength": 0.005399499780370055,
      "audio_mood_happy": 0.00042603593973212584,
      "audio_mood_sad": 0.0010282635919622604,
      "audio_mood_aggressive": 0.0011613966288552336,
      "audio_mood_relaxed": 0.0015561850703144282,
      "audio_mood_party": 0.0010499927513594536,
      "audio_mood_electronic": 0.0010698486029566503,
      "audio_primary_genre": 0.056934346186440096,
      "audio_top_genre_1_prob": 0.006416593706620237,
      "audio_top_genre_2_prob": 0.006936955676837045,
      "lyrics_word_count": 0.11015476110417362,
      "lyrics_unique_words": 0.03227415836774168,
      "lyrics_repetition_score": 0.0,
      "lyrics_lexical_diversity": 0.0055621813171555755,
      "lyrics_verse_count": 2.4445633988796156e-06,
      "rhythmic_appeal_index": 0.0029479338870655493,
      "emotional_impact_score": 0.002803878745784549,
      "commercial_viability_index": 0.009757764170353225,
      "sonic_sophistication_score": 0.0011233674564546112
    },
    "xgboost": {
      "audio_tempo": "0.04481488",
      "audio_energy": "0.0044324063",
      "audio_valence": "0.0031645685",
      "audio_danceability": "0.0019251521",
      "audio_loudness": "0.022830121",
      "audio_speechiness": "0.006291063",
      "audio_acousticness": "0.015797393",
      "audio_instrumentalness": "0.0040192325",
      "audio_liveness": "0.008837303",
      "audio_key": "0.0036701276",
      "audio_mode": "0.0023269374",
      "audio_brightness": "0.002231135",
      "audio_complexity": "0.004259175",
      "audio_warmth": "0.0071256156",
      "audio_harmonic_strength": "0.0075187474",
      "audio_mood_happy": "0.00030833704",
      "audio_mood_sad": "0.002685066",
      "audio_mood_aggressive": "0.003023374",
      "audio_mood_relaxed": "0.009784071",
      "audio_mood_party": "0.0012694024",
      "audio_mood_electronic": "0.003200382",
      "audio_primary_genre": "0.047415204",
      "audio_top_genre_1_prob": "0.009912988",
      "audio_top_genre_2_prob": "0.0019313444",
      "lyrics_word_count": "0.090028584",
      "lyrics_unique_words": "0.028983166",
      "lyrics_repetition_score": "0.0",
      "lyrics_lexical_diversity": "0.0013037925",
      "lyrics_verse_count": "0.0",
      "rhythmic_appeal_index": "0.0018557175",
      "emotional_impact_score": "0.01936439",
      "commercial_viability_index": "0.016615074",
      "sonic_sophistication_score": "0.0013800849"
    },
    "categorical_analysis": {
      "audio_features": {
        "total_importance": 0,
        "percentage_contribution": 0.0,
        "feature_count": 0,
        "top_features": {}
      },