{
  "model_id": "multimodal_ensemble_experiments_20250707_multimodal_ensemble_pipeline_0fcedfa8",
  "model_type": "Enhanced_Ensemble_Musical",
  "ensemble_models": [
    "RandomForest",
    "XGBoost"
  ],
  "strategy": "multimodal",
  "pipeline_id": "pipeline_0fcedfa8",
  "experiment_name": "multimodal_ensemble_experiments_20250707",
  "accuracy": 0.9940476190476191,
  "n_features": 28,
  "selected_features": [
    "audio_tempo",
    "audio_energy",
    "audio_valence",
    "audio_danceability",
    "audio_loudness",
    "audio_speechiness",
    "audio_acousticness",
    "audio_instrumentalness",
    "audio_liveness",
    "audio_key",
    "audio_mode",
    "audio_brightness",
    "audio_complexity",
    "audio_warmth",
    "audio_harmonic_strength",
    "audio_mood_happy",
    "audio_mood_sad",
    "audio_mood_aggressive",
    "audio_mood_relaxed",
    "audio_mood_party",
    "audio_mood_electronic",
    "audio_primary_genre",
    "audio_top_genre_1_prob",
    "audio_top_genre_2_prob",
    "rhythmic_appeal_index",
    "emotional_impact_score",
    "commercial_viability_index",
    "sonic_sophistication_score"
  ],
  "feature_importance": {
    "audio_tempo": 0.06460246852673422,
    "audio_energy": 0.04885294539305917,
    "audio_valence": 0.05138304837667104,
    "audio_danceability": 0.0476375893620199,
    "audio_loudness": 0.04957045684006642,
    "audio_speechiness": 0.028943622955585675,
    "audio_acousticness": 0.028825546303012844,
    "audio_instrumentalness": 0.023269196767187614,
    "audio_liveness": 0.03910969687777448,
    "audio_key": 0.028035292208374755,
    "audio_mode": 0.009856311377131765,
    "audio_brightness": 0.03573491704482786,
    "audio_complexity": 0.04510136331999627,
    "audio_warmth": 0.03922873623461958,
    "audio_harmonic_strength": 0.04139923094157883,
    "audio_mood_happy": 0.013111716039371129,
    "audio_mood_sad": 0.012863864986333098,
    "audio_mood_aggressive": 0.005768605929241896,
    "audio_mood_relaxed": 0.017605904635812714,
    "audio_mood_party": 0.02597956795238143,
    "audio_mood_electronic": 0.021909002487949237,
    "audio_primary_genre": 0.034290940846773865,
    "audio_top_genre_1_prob": 0.03732000322675696,
    "audio_top_genre_2_prob": 0.036626113681600576,
    "rhythmic_appeal_index": 0.06075481295779654,
    "emotional_impact_score": 0.052826883913198217,
    "commercial_viability_index": 0.0597853016408651,
    "sonic_sophistication_score": 0.039606859173278726
  },
  "shap_feature_importance": {
    "ensemble": {
      "audio_tempo": 0.19274889878140994,
      "audio_energy": 0.05774422959890114,
      "audio_valence": 0.020602011666745322,
      "audio_danceability": 0.03194656774082958,
      "audio_loudness": 0.23151490803467487,
      "audio_speechiness": 0.03295884825950266,
      "audio_acousticness": 0.04328931078533556,
      "audio_instrumentalness": 0.04161691216843187,
      "audio_liveness": 0.035686313441998886,
      "audio_key": 0.026070518448419365,
      "audio_mode": 0.0028704602550343734,
      "audio_brightness": 0.01717720763692166,
      "audio_complexity": 0.04405249138170733,
      "audio_warmth": 0.010260879654215514,
      "audio_harmonic_strength": 0.02565404002844585,
      "audio_mood_happy": 0.001399728489516797,
      "audio_mood_sad": 0.034508946893162855,
      "audio_mood_aggressive": 0.007758512949244163,
      "audio_mood_relaxed": 0.042078585787967124,
      "audio_mood_party": 0.005125124880631702,
      "audio_mood_electronic": 0.035924954984367936,
      "audio_primary_genre": 1.1183588028002192,
      "audio_top_genre_1_prob": 0.1624890486687037,
      "audio_top_genre_2_prob": 0.04520992113177396,
      "rhythmic_appeal_index": 0.04051407684114137,
      "emotional_impact_score": 0.009896543825521709,
      "commercial_viability_index": 0.1395510134168431,
      "sonic_sophistication_score": 0.0875128902856431
    },
    "random_forest": {
      "audio_tempo": 0.035139207079154404,
      "audio_energy": 0.007073972745402136,
      "audio_valence": 0.005329465236978922,
      "audio_danceability": 0.0026060098451843195,
      "audio_loudness": 0.03849156580184382,
      "audio_speechiness": 0.0017687595728671877,
      "audio_acousticness": 0.02121599181518083,
      "audio_instrumentalness": 0.005635114537514469,
      "audio_liveness": 0.0032625321262361316,
      "audio_key": 0.002770714656413837,
      "audio_mode": 0.001729348704354019,
      "audio_brightness": 0.0021234749523829422,
      "audio_complexity": 0.006859147824232894,
      "audio_warmth": 0.015926558773856916,
      "audio_harmonic_strength": 0.006446555914458445,
      "audio_mood_happy": 0.00122245091776092,
      "audio_mood_sad": 0.0013119973306870288,
      "audio_mood_aggressive": 0.0025632508971390796,
      "audio_mood_relaxed": 0.00383262967213007,
      "audio_mood_party": 0.0036562806877833897,
      "audio_mood_electronic": 0.0023878313317146093,
      "audio_primary_genre": 0.12965377927788269,
      "audio_top_genre_1_prob": 0.02350504260055487,
      "audio_top_genre_2_prob": 0.013503503939464555,
      "rhythmic_appeal_index": 0.0025472123655325384,
      "emotional_impact_score": 0.0017141655635928836,
      "commercial_viability_index": 0.008757231850046631,
      "sonic_sophistication_score": 0.0019090027582578147
    },
    "xgboost": {
      "audio_tempo": "0.35035858",
      "audio_energy": "0.10845575",
      "audio_valence": "0.03611816",
      "audio_danceability": "0.06159539",
      "audio_loudness": "0.42453834",
      "audio_speechiness": "0.064310655",
      "audio_acousticness": "0.0653655",
      "audio_instrumentalness": "0.0775987",
      "audio_liveness": "0.06833215",
      "audio_key": "0.050920896",
      "audio_mode": "0.005596687",
      "audio_brightness": "0.032230943",
      "audio_complexity": "0.081245854",
      "audio_warmth": "0.030161358",
      "audio_harmonic_strength": "0.051038895",
      "audio_mood_happy": "0.0015973016",
      "audio_mood_sad": "0.07022461",
      "audio_mood_aggressive": "0.014365132",
      "audio_mood_relaxed": "0.08461842",
      "audio_mood_party": "0.01073027",
      "audio_mood_electronic": "0.07071904",
      "audio_primary_genre": "2.107064",
      "audio_top_genre_1_prob": "0.301473",
      "audio_top_genre_2_prob": "0.08020346",
      "rhythmic_appeal_index": "0.08046132",
      "emotional_impact_score": "0.020811964",
      "commercial_viability_index": "0.27275312",
      "sonic_sophistication_score": "0.17476375"
    },
    "categorical_analysis": {
      "audio_features": {
        "total_importance": 0,
        "percentage_contribution": 0,
        "feature_count": 0,
        "top_features": {}
      },
      "lyrics_features": {
        "total_importance": 0,
        "percentage_contribution": 0,
        "feature_count": 0,
        "top_features": {}
      }
    },
    "business_insights": {
      "dominant_modality": "lyrics",
      "dominance_strength": 0.0,
      "audio_contribution": 0,
      "lyrics_contribution": 0,
      "prediction_driver": "lyrics_driven_hits",
      "top_audio_predictors": [],
      "top_lyrics_predictors": [],
      "model_confidence_factors": {
        "feature_coverage": 52,
        "sample_reliability": 100,
        "ensemble_agreement": "high"
      }
    },
    "analysis_meta": {
      "sample_size": 100,
      "total_features": 52,
      "models_analyzed": [
        "RandomForest",
        "XGBoost"
      ],
      "combination_method": "average",
      "feature_categories": {
        "audio": 0,
        "lyrics": 0
      }
    }
  },
  "music_theory_analysis": {
    "core_musical_features": {
      "rhythmic_foundation": [
        "audio_tempo",
        "audio_danceability"
      ],
      "emotional_core": [
        "audio_valence",
        "audio_energy",
        "lyrics_sentiment_positive",
        "lyrics_sentiment_negative"
      ],