{
  "model_id": "multimodal_ensemble_experiments_20250706_multimodal_ensemble_pipeline_ee03c52a",
  "model_type": "Enhanced_Ensemble_Musical",
  "ensemble_models": [
    "RandomForest",
    "XGBoost"
  ],
  "strategy": "multimodal",
  "pipeline_id": "pipeline_ee03c52a",
  "experiment_name": "multimodal_ensemble_experiments_20250706",
  "accuracy": 0.9940476190476191,
  "n_features": 28,
  "selected_features": [
    "audio_tempo",
    "audio_energy",
    "audio_valence",
    "audio_danceability",
    "audio_loudness",
    "audio_speechiness",
    "audio_acousticness",
    "audio_instrumentalness",
    "audio_liveness",
    "audio_key",
    "audio_mode",
    "audio_brightness",
    "audio_complexity",
    "audio_warmth",
    "audio_harmonic_strength",
    "audio_mood_happy",
    "audio_mood_sad",
    "audio_mood_aggressive",
    "audio_mood_relaxed",
    "audio_mood_party",
    "audio_mood_electronic",
    "audio_primary_genre",
    "audio_top_genre_1_prob",
    "audio_top_genre_2_prob",
    "rhythmic_appeal_index",
    "emotional_impact_score",
    "commercial_viability_index",
    "sonic_sophistication_score"
  ],
  "feature_importance": {
    "audio_tempo": 0.05308713291442911,
    "audio_energy": 0.054209433677278256,
    "audio_valence": 0.05431249970716565,
    "audio_danceability": 0.04491325386897159,
    "audio_loudness": 0.04566805820777218,
    "audio_speechiness": 0.02805546173630146,
    "audio_acousticness": 0.029948974491396396,
    "audio_instrumentalness": 0.02332172565673776,
    "audio_liveness": 0.039638226344559595,
    "audio_key": 0.027461866568953483,
    "audio_mode": 0.003879718389694781,
    "audio_brightness": 0.03452212232195824,
    "audio_complexity": 0.04060613264455225,
    "audio_warmth": 0.03650773323218068,
    "audio_harmonic_strength": 0.04264457521337622,
    "audio_mood_happy": 0.015541356077289143,
    "audio_mood_sad": 0.020207220322248816,
    "audio_mood_aggressive": 0.03796857229154363,
    "audio_mood_relaxed": 0.020745572562818417,
    "audio_mood_party": 0.01997561082841248,
    "audio_mood_electronic": 0.013064743343476477,
    "audio_primary_genre": 0.030028883830916227,
    "audio_top_genre_1_prob": 0.03577523231111538,
    "audio_top_genre_2_prob": 0.03453636609647707,
    "rhythmic_appeal_index": 0.062277964398986724,
    "emotional_impact_score": 0.04792618812228731,
    "commercial_viability_index": 0.06026857194324057,
    "sonic_sophistication_score": 0.04290680289586029
  },
  "shap_feature_importance": {
    "ensemble": {
      "audio_tempo": 0.15219209880671475,
      "audio_energy": 0.114958861317414,
      "audio_valence": 0.024882683767777376,
      "audio_danceability": 0.033624673055612446,
      "audio_loudness": 0.21976108595172808,
      "audio_speechiness": 0.03828356876461608,
      "audio_acousticness": 0.0810859750198338,
      "audio_instrumentalness": 0.08788279564159891,
      "audio_liveness": 0.04364878889379232,
      "audio_key": 0.03169034761261983,
      "audio_mode": 0.0015569155356113709,
      "audio_brightness": 0.029261672607422712,
      "audio_complexity": 0.018345339752784455,
      "audio_warmth": 0.016256437503981785,
      "audio_harmonic_strength": 0.032929426307816013,
      "audio_mood_happy": 0.009521355934817892,
      "audio_mood_sad": 0.060315797203972184,
      "audio_mood_aggressive": 0.0034192367642848736,
      "audio_mood_relaxed": 0.05421156460070598,
      "audio_mood_party": 0.01803831211293197,
      "audio_mood_electronic": 0.05173914853508395,
      "audio_primary_genre": 0.09161146715453071,
      "audio_top_genre_1_prob": 0.2509871605777829,
      "audio_top_genre_2_prob": 0.03841907508489193,
      "rhythmic_appeal_index": 0.05272632756826511,
      "emotional_impact_score": 0.007204976712167927,
      "commercial_viability_index": 0.14857365844120474,
      "sonic_sophistication_score": 0.0952142586129885
    },
    "random_forest": {
      "audio_tempo": 0.039314958622884075,
      "audio_energy": 0.005949233082656708,
      "audio_valence": 0.0040055987460480445,
      "audio_danceability": 0.0038874046223713373,
      "audio_loudness": 0.050194609750116595,
      "audio_speechiness": 0.0020333863552389167,
      "audio_acousticness": 0.018010076144665467,
      "audio_instrumentalness": 0.002564210295666622,
      "audio_liveness": 0.0016194362133099367,
      "audio_key": 0.008479108515964723,
      "audio_mode": 0.0005651924740891643,
      "audio_brightness": 0.011022743887798683,
      "audio_complexity": 0.0033731830985985977,
      "audio_warmth": 0.0038567804828805135,
      "audio_harmonic_strength": 0.0074557529171540736,
      "audio_mood_happy": 0.0018769548745331322,
      "audio_mood_sad": 0.0016629120216337932,
      "audio_mood_aggressive": 0.002126346093208155,
      "audio_mood_relaxed": 0.005825843343859064,
      "audio_mood_party": 0.004188937595909212,
      "audio_mood_electronic": 0.003995274739509026,
      "audio_primary_genre": 0.006754740100685712,
      "audio_top_genre_1_prob": 0.032524542658347,
      "audio_top_genre_2_prob": 0.014533755083923986,
      "rhythmic_appeal_index": 0.006433222846938178,
      "emotional_impact_score": 0.0023920387273181545,
      "commercial_viability_index": 0.012901059404446079,
      "sonic_sophistication_score": 0.002290999532293875
    },
    "xgboost": {
      "audio_tempo": "0.2650692",
      "audio_energy": "0.22444788",
      "audio_valence": "0.050866175",
      "audio_danceability": "0.06341615",
      "audio_loudness": "0.38932762",
      "audio_speechiness": "0.07472346",
      "audio_acousticness": "0.14423706",
      "audio_instrumentalness": "0.17821938",
      "audio_liveness": "0.08620706",
      "audio_key": "0.068406604",
      "audio_mode": "0.002781188",
      "audio_brightness": "0.04750062",
      "audio_complexity": "0.03441987",
      "audio_warmth": "0.02900059",
      "audio_harmonic_strength": "0.06388901",
      "audio_mood_happy": "0.019963272",
      "audio_mood_sad": "0.120532945",
      "audio_mood_aggressive": "0.006182666",
      "audio_mood_relaxed": "0.10837753",
      "audio_mood_party": "0.036285188",
      "audio_mood_electronic": "0.101502724",
      "audio_primary_genre": "0.18997769",
      "audio_top_genre_1_prob": "0.46944988",
      "audio_top_genre_2_prob": "0.090756506",
      "rhythmic_appeal_index": "0.10141433",
      "emotional_impact_score": "0.0138196405",
      "commercial_viability_index": "0.2861989",
      "sonic_sophistication_score": "0.18836208"
    },
    "categorical_analysis": {
      "audio_features": {
        "total_importance": 0,
        "percentage_contribution": 0,
        "feature_count": 0,
        "top_features": {}
      },
      "lyrics_features": {
        "total_importance": 0,
        "percentage_contribution": 0,
        "feature_count": 0,
        "top_features": {}
      }
    },
    "business_insights": {
      "dominant_modality": "lyrics",
      "dominance_strength": 0.0,
      "audio_contribution": 0,
      "lyrics_contribution": 0,
      "prediction_driver": "lyrics_driven_hits",
      "top_audio_predictors": [],
      "top_lyrics_predictors": [],
      "model_confidence_factors": {
        "feature_coverage": 52,
        "sample_reliability": 100,
        "ensemble_agreement": "high"
      }
    },
    "analysis_meta": {
      "sample_size": 100,
      "total_features": 52,
      "models_analyzed": [
        "RandomForest",
        "XGBoost"
      ],
      "combination_method": "average",
      "feature_categories": {
        "audio": 0,
        "lyrics": 0
      }
    }
  },
  "music_theory_analysis": {
    "core_musical_features": {
      "rhythmic_foundation": [
        "audio_tempo",
        "audio_danceability"
      ],
      "emotional_core": [
        "audio_valence",
        "audio_energy",
        "lyrics_sentiment_positive",
        "lyrics_sentiment_negative"
      ],